Workbook

Sheet Data Input
B1: Patient ID | C1: Start Time and Date | D1: End Date and Time | E1: Age | F1: Race | G1: Type of Delivery | H1: Date and Time | I1: Pain Medication | J1: Dose | K1: Pain Intensity Rating (Before Medication) | L1: Pain Intensity Rating (After Medication) | M1: Frequency of Pain Medication Used | N1: Question | O1: Comment | P1: Color
A2: =IF(ROW()=2,1,IF(B2=B1,A1,A1+1)) -> 1 | B2: CH001 | C2: 43266.826 | D2: 6/16/2018 1849 | E2: 29 | F2: White | G2: SVD | H2: 6/15/18 2216 | I2: Ibuprofen | J2: 800 | K2: 6 | L2: 5 | M2: 3 | P2: =ISODD(A2) -> TRUE
A3: =IF(ROW()=2,1,IF(B3=B2,A2,A2+1)) -> 1 | B3: CH001 | C3: 43266.826 | D3: 6/16/2018 1849 | E3: 29 | F3: White | G3: SVD | H3: 6/16/18 0510 | I3: Percocet | J3: 1 tab | K3: 8 | L3: 1 | M3: 1 | P3: =ISODD(A3) -> TRUE
A4: =IF(ROW()=2,1,IF(B4=B3,A3,A3+1)) -> 1 | B4: CH001 | C4: 43266.826 | D4: 6/16/2018 1849 | E4: 29 | F4: White | G4: SVD | H4: 6/16/2018 1025 | I4: Ibuprofen | J4: 800 | K4: 6 | L4: 0 | M4: 3 | P4: =ISODD(A4) -> TRUE
A5: =IF(ROW()=2,1,IF(B5=B4,A4,A4+1)) -> 1 | B5: CH001 | C5: 43266.826 | D5: 6/16/2018 1849 | E5: 29 | F5: White | G5: SVD | H5: 6/16/18 1849 | I5: Ibuprofen | J5: 800 | K5: 7 | L5: 3 | M5: 3 | P5: =ISODD(A5) -> TRUE
A6: =IF(ROW()=2,1,IF(B6=B5,A5,A5+1)) -> 2 | B6: KV002 | C6: 06/15/18 0100 | D6: 43267 | E6: 18 | F6: White | G6: SVD | H6: 6/15/18 0538 | I6: Ibuprofen | J6: 800 | K6: 5 | L6: 3 | M6: 3 | P6: =ISODD(A6) -> FALSE
A7: =IF(ROW()=2,1,IF(B7=B6,A6,A6+1)) -> 2 | B7: KV002 | C7: 06/15/18 0100 | D7: 43267 | E7: 18 | F7: White | G7: SVD | H7: 6/15/18 1533 | I7: Ibuprofen | J7: 800 | K7: 5 | L7: 2 | M7: 3 | P7: =ISODD(A7) -> FALSE
A8: =IF(ROW()=2,1,IF(B8=B7,A7,A7+1)) -> 2 | B8: KV002 | C8: 06/15/18 0100 | D8: 43267 | E8: 18 | F8: White | G8: SVD | H8: 6/16/18 0220 | I8: Ibuprofen | J8: 800 | K8: 0 | L8: NA | M8: NA | P8: =ISODD(A8) -> FALSE
A9: =IF(ROW()=2,1,IF(B9=B8,A8,A8+1)) -> 3 | B9: AK003 | C9: 6/15/18 1500 | D9: 6/16/18 0942 | E9: 26 | F9: White | G9: Caesarean | H9: 6/15/18 1550 | I9: Toradol | J9: 30 | K9: 10 | L9: No F/u | M9: 2 | N9: What is "No F/u"? | P9: =ISODD(A9) -> TRUE
A10: =IF(ROW()=2,1,IF(B10=B9,A9,A9+1)) -> 3 | B10: AK003 | C10: 6/15/18 1500 | D10: 6/16/18 0942 | E10: 26 | F10: White | G10: Caesarean | H10: 6/16/18 0835 | I10: Percocet | J10: 1 tab | K10: 6 | L10: 5 | M10: 1 | P10: =ISODD(A10) -> TRUE
A11: =IF(ROW()=2,1,IF(B11=B10,A10,A10+1)) -> 3 | B11: AK003 | C11: 6/15/18 1500 | D11: 6/16/18 0942 | E11: 26 | F11: White | G11: Caesarean | H11: 6/16/18 0942 | I11: Toradol | J11: 30 | K11: 5 | L11: No F/u | M11: 2 | P11: =ISODD(A11) -> TRUE
A12: =IF(ROW()=2,1,IF(B12=B11,A11,A11+1)) -> 4 | B12: JC004 | C12: 6/16/18 0835 | D12: 6/17/18 0702 | E12: 40 | F12: Black | G12: SVD | H12: 6/16/18 0910 | I12: Tylenol | J12: 50 | K12: 6 | L12: 0 | M12: 1 | P12: =ISODD(A12) -> FALSE
A13: =IF(ROW()=2,1,IF(B13=B12,A12,A12+1)) -> 4 | B13: JC004 | C13: 6/16/18 0835 | D13: 6/17/18 0702 | E13: 40 | F13: Black | G13: SVD | H13: 06/16/18 1236 | I13: Ibuprofen | J13: 800 | K13: 7 | L13: 0 | M13: 3 | P13: =ISODD(A13) -> FALSE
A14: =IF(ROW()=2,1,IF(B14=B13,A13,A13+1)) -> 4 | B14: JC004 | C14: 6/16/18 0835 | D14: 6/17/18 0702 | E14: 40 | F14: Black | G14: SVD | H14: 6/16/18 1236 | I14: Percocet | J14: 1 tab | K14: 7 | L14: 0 | M14: 3 | P14: =ISODD(A14) -> FALSE
A15: =IF(ROW()=2,1,IF(B15=B14,A14,A14+1)) -> 4 | B15: JC004 | C15: 6/16/18 0835 | D15: 6/17/18 0702 | E15: 40 | F15: Black | G15: SVD | H15: 6/16/18 2211 | I15: Ibuprofen | J15: 800 | K15: 2 | L15: 0 | M15: 3 | P15: =ISODD(A15) -> FALSE
A16: =IF(ROW()=2,1,IF(B16=B15,A15,A15+1)) -> 4 | B16: JC004 | C16: 6/16/18 0835 | D16: 6/17/18 0702 | E16: 40 | F16: Black | G16: SVD | H16: 6/16/18 2211 | I16: Percocet | J16: 1 tab | K16: 2 | L16: 0 | M16: 3 | P16: =ISODD(A16) -> FALSE
A17: =IF(ROW()=2,1,IF(B17=B16,A16,A16+1)) -> 4 | B17: JC004 | C17: 6/16/18 0835 | D17: 6/17/18 0702 | E17: 40 | F17: Black | G17: SVD | H17: 6/17/18 0702 | I17: Ibuprofen | J17: 800 | K17: 3 | L17: 0 | M17: 3 | P17: =ISODD(A17) -> FALSE
A18: =IF(ROW()=2,1,IF(B18=B17,A17,A17+1)) -> 4 | B18: JC004 | C18: 6/16/18 0835 | D18: 6/17/18 0702 | E18: 40 | F18: Black | G18: SVD | H18: 6/17/18 0702 | I18: Percocet | J18: 1 tab | K18: 3 | L18: 0 | M18: 3 | P18: =ISODD(A18) -> FALSE
A19: =IF(ROW()=2,1,IF(B19=B18,A18,A18+1)) -> 5 | B19: G5005 | C19: 6/15/18 1030 | D19: 6/16/18 0805 | E19: 29 | F19: Black | G19: Caesarean | H19: 6/15/18 1521 | I19: Toradol | J19: 30 | K19: 2 | L19: 0 | M19: 3 | P19: =ISODD(A19) -> TRUE
A20: =IF(ROW()=2,1,IF(B20=B19,A19,A19+1)) -> 5 | B20: G5005 | C20: 6/15/18 1030 | D20: 6/16/18 0805 | E20: 29 | F20: Black | G20: Caesarean | H20: 6/15/18 2051 | I20: Toradol | J20: 30 | K20: 5 | L20: 3 | M20: 3 | P20: =ISODD(A20) -> TRUE
A21: =IF(ROW()=2,1,IF(B21=B20,A20,A20+1)) -> 5 | B21: G5005 | C21: 6/15/18 1030 | D21: 6/16/18 0805 | E21: 29 | F21: Black | G21: Caesarean | H21: 6/16/18 0132 | I21: Percocet | J21: 1 tab | K21: 6 | L21: 5 | M21: 3 | P21: =ISODD(A21) -> TRUE
A22: =IF(ROW()=2,1,IF(B22=B21,A21,A21+1)) -> 5 | B22: G5005 | C22: 6/15/18 1030 | D22: 6/16/18 0805 | E22: 29 | F22: Black | G22: Caesarean | H22: 6/16/18 0455 | I22: Toradol | J22: 30 | K22: 6 | L22: 0 | M22: 3 | P22: =ISODD(A22) -> TRUE
A23: =IF(ROW()=2,1,IF(B23=B22,A22,A22+1)) -> 5 | B23: G5005 | C23: 6/15/18 1030 | D23: 6/16/18 0805 | E23: 29 | F23: Black | G23: Caesarean | H23: 6/16/18 0805 | I23: Percocet | J23: 2 tabs | K23: 6 | L23: 0 | M23: 3 | P23: =ISODD(A23) -> TRUE
A24: =IF(ROW()=2,1,IF(B24=B23,A23,A23+1)) -> 6 | B24: KK006 | C24: 6/16/18 0315 | D24: 6/17/18 0313 | E24: 39 | F24: White | G24: SVD | H24: 6/16/18 1011 | I24: Ibuprofen | J24: 800 | K24: 4 | L24: 2 | M24: 3 | P24: =ISODD(A24) -> FALSE
A25: =IF(ROW()=2,1,IF(B25=B24,A24,A24+1)) -> 6 | B25: KK006 | C25: 6/16/18 0315 | D25: 6/17/18 0313 | E25: 39 | F25: White | G25: SVD | H25: 6/16/18 2021 | I25: Ibuprofen | J25: 800 | K25: 4 | L25: No F/u | M25: 3 | P25: =ISODD(A25) -> FALSE
A26: =IF(ROW()=2,1,IF(B26=B25,A25,A25+1)) -> 6 | B26: KK006 | C26: 6/16/18 0315 | D26: 6/17/18 0313 | E26: 39 | F26: White | G26: SVD | H26: 6/17/18 0313 | I26: Ibuprofen | J26: 800 | K26: 4 | L26: No F/u | M26: 3 | P26: =ISODD(A26) -> FALSE
A27: =IF(ROW()=2,1,IF(B27=B26,A26,A26+1)) -> 7 | B27: JM007 | C27: 6/16/18 0802 | D27: 6/17/18 0555 | E27: 40 | F27: White | G27: SVD | H27: 6/16/18 0827 | I27: Ibuprofen | J27: 800 | K27: 5 | L27: 4 | M27: 1 or 2 | P27: =ISODD(A27) -> TRUE
A28: =IF(ROW()=2,1,IF(B28=B27,A27,A27+1)) -> 7 | B28: JM007 | C28: 6/16/18 0802 | D28: 6/17/18 0555 | E28: 40 | F28: White | G28: SVD | H28: 06/16/18 1433 | I28: Ibuprofen | J28: 800 | K28: 0 | L28: No F/u | M28: 1 or 2 | P28: =ISODD(A28) -> TRUE
A29: =IF(ROW()=2,1,IF(B29=B28,A28,A28+1)) -> 7 | B29: JM007 | C29: 6/16/18 0802 | D29: 6/17/18 0555 | E29: 40 | F29: White | G29: SVD | H29: 6/16/18 2003 | I29: Tylenol | J29: 650 | K29: 2 | L29: No F/u | M29: 2 | P29: =ISODD(A29) -> TRUE
A30: =IF(ROW()=2,1,IF(B30=B29,A29,A29+1)) -> 7 | B30: JM007 | C30: 6/16/18 0802 | D30: 6/17/18 0555 | E30: 40 | F30: White | G30: SVD | H30: 6/17/18 0555 | I30: Tylenol | J30: 650 | K30: 0 | L30: No F/u | M30: 2 | P30: =ISODD(A30) -> TRUE
A31: =IF(ROW()=2,1,IF(B31=B30,A30,A30+1)) -> 8 | B31: 2D008 | C31: 6/15/18 1936 | D31: 6/16/18 1724 | E31: 36 | F31: Black | G31: Caesarean | H31: 6/16/18 0750 | I31: Toradol | J31: 30 | K31: 9 | L31: 9 | M31: 2 | P31: =ISODD(A31) -> FALSE
A32: =IF(ROW()=2,1,IF(B32=B31,A31,A31+1)) -> 8 | B32: 2D008 | C32: 6/15/18 1936 | D32: 6/16/18 1724 | E32: 36 | F32: Black | G32: Caesarean | H32: 6/16/18 0804 | I32: Percocet | J32: 1 | K32: 9 | L32: 3 | M32: 4 | P32: =ISODD(A32) -> FALSE
A33: =IF(ROW()=2,1,IF(B33=B32,A32,A32+1)) -> 8 | B33: 2D008 | C33: 6/15/18 1936 | D33: 6/16/18 1724 | E33: 36 | F33: Black | G33: Caesarean | H33: 6/16/18 1245 | I33: Percocet | J33: 1 | K33: 8 | L33: 4 | M33: 4 | P33: =ISODD(A33) -> FALSE
A34: =IF(ROW()=2,1,IF(B34=B33,A33,A33+1)) -> 8 | B34: 2D008 | C34: 6/15/18 1936 | D34: 6/16/18 1724 | E34: 36 | F34: Black | G34: Caesarean | H34: 6/16/18 1414 | I34: Toradol | J34: 30 | K34: 5 | L34: 4 | M34: 2 | P34: =ISODD(A34) -> FALSE
A35: =IF(ROW()=2,1,IF(B35=B34,A34,A34+1)) -> 8 | B35: 2D008 | C35: 6/15/18 1936 | D35: 6/16/18 1724 | E35: 36 | F35: Black | G35: Caesarean | H35: 6/16/18 1724 | I35: Percocet | J35: 2 | K35: 3 | L35: 1 | M35: 4 | N35: x | P35: =ISODD(A35) -> FALSE
A36: =IF(ROW()=2,1,IF(B36=B35,A35,A35+1)) -> 9 | B36: MR009 | C36: 06/16/18 1445 | D36: 6/17/18 1336 | E36: 21 | F36: Black | G36: Caesarean | H36: 6/16/18 1235 | I36: Toradol | J36: 30 | K36: 5 | L36: 0 | P36: =ISODD(A36) -> TRUE
A37: =IF(ROW()=2,1,IF(B37=B36,A36,A36+1)) -> 9 | B37: MR009 | C37: 06/16/18 1445 | D37: 6/17/18 1336 | E37: 21 | F37: Black | G37: Caesarean | H37: 6/17/18 0035 | I37: Toradol | J37: 30 | K37: 7 | L37: 3 | P37: =ISODD(A37) -> TRUE
A38: =IF(ROW()=2,1,IF(B38=B37,A37,A37+1)) -> 9 | B38: MR009 | C38: 06/16/18 1445 | D38: 6/17/18 1336 | E38: 21 | F38: Black | G38: Caesarean | H38: 6/17/18 0726 | I38: Toradol | J38: 30 | K38: 7 | L38: No F/u | P38: =ISODD(A38) -> TRUE
A39: =IF(ROW()=2,1,IF(B39=B38,A38,A38+1)) -> 9 | B39: MR009 | C39: 06/16/18 1445 | D39: 6/17/18 1336 | E39: 21 | F39: Black | G39: Caesarean | H39: 6/17/18 1058 | I39: Percocet | J39: 1 | K39: 5 | L39: No F/u | P39: =ISODD(A39) -> TRUE
A40: =IF(ROW()=2,1,IF(B40=B39,A39,A39+1)) -> 9 | B40: MR009 | C40: 06/16/18 1445 | D40: 6/17/18 1336 | E40: 21 | F40: Black | G40: Caesarean | H40: 6/17/18 1336 | I40: Toradol | J40: 30 | K40: 5 | L40: 0 | P40: =ISODD(A40) -> TRUE
A41: =IF(ROW()=2,1,IF(B41=B40,A40,A40+1)) -> 10 | B41: RL010 | C41: 6/16/18 0414 | D41: 6/16/18 2220 | E41: 27 | F41: White | G41: SVD | H41: 6/16/18 0736 | I41: Ibuprofen | J41: 800 | K41: 3 | L41: 1 | P41: =ISODD(A41) -> FALSE
A42: =IF(ROW()=2,1,IF(B42=B41,A41,A41+1)) -> 10 | B42: RL010 | C42: 6/16/18 0414 | D42: 6/16/18 2220 | E42: 27 | F42: White | G42: SVD | H42: 6/16/18 1321 | I42: Ibuprofen | J42: 800 | K42: 5 | L42: 0 | P42: =ISODD(A42) -> FALSE
A43: =IF(ROW()=2,1,IF(B43=B42,A42,A42+1)) -> 10 | B43: RL010 | C43: 6/16/18 0414 | D43: 6/16/18 2220 | E43: 27 | F43: White | G43: SVD | H43: 6/16/18 2220 | I43: Ibuprofen | J43: 800 | K43: 4 | L43: 0 | P43: =ISODD(A43) -> FALSE
A44: =IF(ROW()=2,1,IF(B44=B43,A43,A43+1)) -> 11 | B44: RB011 | C44: 6/18/18 2100 | D44: 43270 | E44: 27 | F44: White | G44: Caesarean | H44: 6/18/18 2156 | I44: Toradol | J44: 30 | K44: 4 | L44: 1 | M44: 4 | P44: =ISODD(A44) -> TRUE
A45: =IF(ROW()=2,1,IF(B45=B44,A44,A44+1)) -> 11 | B45: RB011 | C45: 6/18/18 2100 | D45: 43270 | E45: 27 | F45: White | G45: Caesarean | H45: 6/19/18 0430 | I45: Toradol | J45: 30 | K45: 2 | L45: 0 | M45: 4 | P45: =ISODD(A45) -> TRUE
A46: =IF(ROW()=2,1,IF(B46=B45,A45,A45+1)) -> 11 | B46: RB011 | C46: 6/18/18 2100 | D46: 43270 | E46: 27 | F46: White | G46: Caesarean | H46: 6/19/18 1003 | I46: Toradol | J46: 30 | K46: 2 | L46: 0 | M46: 4 | P46: =ISODD(A46) -> TRUE
A47: =IF(ROW()=2,1,IF(B47=B46,A46,A46+1)) -> 11 | B47: RB011 | C47: 6/18/18 2100 | D47: 43270 | E47: 27 | F47: White | G47: Caesarean | H47: 6/19/18 1338 | I47: Percocet | J47: 1 | K47: 3 | L47: 2 | M47: 1 | P47: =ISODD(A47) -> TRUE
A48: =IF(ROW()=2,1,IF(B48=B47,A47,A47+1)) -> 11 | B48: RB011 | C48: 6/18/18 2100 | D48: 43270 | E48: 27 | F48: White | G48: Caesarean | H48: 6/19/18 1651 | I48: Toradol | J48: 30 | K48: 3 | L48: 1 | M48: 4 | P48: =ISODD(A48) -> TRUE
A49: =IF(ROW()=2,1,IF(B49=B48,A48,A48+1)) -> 12 | B49: JL012 | C49: 6/16/18 1435 | D49: 6/17/18 1345 | E49: 18 | F49: Black | G49: Caesarean | H49: 6/16/18 1631 | I49: Toradol | J49: 30 | K49: 5 | L49: 4 | M49: 4 | P49: =ISODD(A49) -> FALSE
A50: =IF(ROW()=2,1,IF(B50=B49,A49,A49+1)) -> 12 | B50: JL012 | C50: 6/16/18 1435 | D50: 6/17/18 1345 | E50: 18 | F50: Black | G50: Caesarean | H50: 6/16/18 2252 | I50: Toradol | J50: 30 | K50: 7 | L50: 5 | M50: 4 | P50: =ISODD(A50) -> FALSE
A51: =IF(ROW()=2,1,IF(B51=B50,A50,A50+1)) -> 12 | B51: JL012 | C51: 6/16/18 1435 | D51: 6/17/18 1345 | E51: 18 | F51: Black | G51: Caesarean | H51: 6/17/18 0142 | I51: Percocet | J51: 2 | K51: 9 | L51: No F/u | M51: 4 | P51: =ISODD(A51) -> FALSE
A52: =IF(ROW()=2,1,IF(B52=B51,A51,A51+1)) -> 12 | B52: JL012 | C52: 6/16/18 1435 | D52: 6/17/18 1345 | E52: 18 | F52: Black | G52: Caesarean | H52: 6/17/18 0621 | I52: Toradol | J52: 30 | K52: 5 | L52: 3 | M52: 4 | P52: =ISODD(A52) -> FALSE
A53: =IF(ROW()=2,1,IF(B53=B52,A52,A52+1)) -> 12 | B53: JL012 | C53: 6/16/18 1435 | D53: 6/17/18 1345 | E53: 18 | F53: Black | G53: Caesarean | H53: 06/17/18 0814 | I53: Percocet | J53: 1 | K53: 3 | L53: 2 | M53: 4 | P53: =ISODD(A53) -> FALSE
A54: =IF(ROW()=2,1,IF(B54=B53,A53,A53+1)) -> 12 | B54: JL012 | C54: 6/16/18 1435 | D54: 6/17/18 1345 | E54: 18 | F54: Black | G54: Caesarean | H54: 6=17=18 1144 | I54: Toradol | J54: 30 | K54: 3 | L54: 2 | M54: 4 | P54: =ISODD(A54) -> FALSE
A55: =IF(ROW()=2,1,IF(B55=B54,A54,A54+1)) -> 12 | B55: JL012 | C55: 6/16/18 1435 | D55: 6/17/18 1345 | E55: 18 | F55: Black | G55: Caesarean | H55: 6=17=18 1345 | I55: Percocet | J55: 1 | K55: 4 | L55: 3 | M55: 4 | P55: =ISODD(A55) -> FALSE
A56: =IF(ROW()=2,1,IF(B56=B55,A55,A55+1)) -> 13 | B56: BC013 | C56: 6/17/18 0140 | D56: 06/18/18 0100 | E56: 33 | F56: White | G56: SVD | H56: 6/17/18 0829 | I56: Percocet | J56: 1 | K56: 6 | L56: 2 | P56: =ISODD(A56) -> TRUE
A57: =IF(ROW()=2,1,IF(B57=B56,A56,A56+1)) -> 13 | B57: BC013 | C57: 6/17/18 0140 | D57: 06/18/18 0100 | E57: 33 | F57: White | G57: SVD | H57: 6/17/18 1201 | I57: Ibuprofen | J57: 800 | K57: 6 | L57: 2 | P57: =ISODD(A57) -> TRUE
A58: =IF(ROW()=2,1,IF(B58=B57,A57,A57+1)) -> 13 | B58: BC013 | C58: 6/17/18 0140 | D58: 06/18/18 0100 | E58: 33 | F58: White | G58: SVD | H58: 6/17/18 1414 | I58: Percocet | J58: 1 | K58: 5 | L58: 3 | P58: =ISODD(A58) -> TRUE
A59: =IF(ROW()=2,1,IF(B59=B58,A58,A58+1)) -> 13 | B59: BC013 | C59: 6/17/18 0140 | D59: 06/18/18 0100 | E59: 33 | F59: White | G59: SVD | H59: 6/17/18 1610 | I59: Ibuprofen | J59: 800 | K59: 6 | L59: 2 | P59: =ISODD(A59) -> TRUE
A60: =IF(ROW()=2,1,IF(B60=B59,A59,A59+1)) -> 13 | B60: BC013 | C60: 6/17/18 0140 | D60: 06/18/18 0100 | E60: 33 | F60: White | G60: SVD | H60: 6/17/18 1610 | I60: Percocet | J60: 1 | K60: 4 | L60: 2 | P60: =ISODD(A60) -> TRUE
A61: =IF(ROW()=2,1,IF(B61=B60,A60,A60+1)) -> 13 | B61: BC013 | C61: 6/17/18 0140 | D61: 06/18/18 0100 | E61: 33 | F61: White | G61: SVD | H61: 6/17/18 1610 | I61: Ibuprofen | J61: 800 | K61: 6 | L61: 3 | P61: =ISODD(A61) -> TRUE
A62: =IF(ROW()=2,1,IF(B62=B61,A61,A61+1)) -> 13 | B62: BC013 | C62: 6/17/18 0140 | D62: 06/18/18 0100 | E62: 33 | F62: White | G62: SVD | H62: 6/17/18 1610 | I62: Percocet | J62: 1 | K62: 6 | L62: 3 | P62: =ISODD(A62) -> TRUE
A63: =IF(ROW()=2,1,IF(B63=B62,A62,A62+1)) -> 13 | B63: BC013 | C63: 6/17/18 0140 | D63: 06/18/18 0100 | E63: 33 | F63: White | G63: SVD | H63: 6/17/18 1610 | I63: Percocet | J63: 1 | K63: 5 | L63: 3 | P63: =ISODD(A63) -> TRUE
A64: =IF(ROW()=2,1,IF(B64=B63,A63,A63+1)) -> 14 | B64: AV014 | C64: 6/17/18 1524 | D64: 6/18/18 1524 | E64: 28 | F64: Hispanic | G64: SVD | H64: NA | I64: NA | J64: NA | K64: NA | L64: NA | M64: NA | O64: Received no pain medications | P64: =ISODD(A64) -> FALSE
A65: =IF(ROW()=2,1,IF(B65=B64,A64,A64+1)) -> 15 | B65: LZ015 | C65: 6/17/18 0345 | D65: 6/18/18 0345 | E65: 32 | F65: Asian | G65: SVD | H65: NA | I65: NA | J65: NA | K65: NA | L65: NA | M65: NA | O65: Received no pain medications | P65: =ISODD(A65) -> TRUE
A66: =IF(ROW()=2,1,IF(B66=B65,A65,A65+1)) -> 16 | B66: JB016 | C66: 6/18/18 0230 | D66: 6/19/18 0251 | E66: 32 | F66: White | G66: SVD | H66: 6/18/18 0700 | I66: Ibuprofen | J66: 800 | K66: NA | L66: NA | P66: =ISODD(A66) -> FALSE
A67: =IF(ROW()=2,1,IF(B67=B66,A66,A66+1)) -> 16 | B67: JB016 | C67: 6/18/18 0230 | D67: 6/19/18 0251 | E67: 32 | F67: White | G67: SVD | H67: 6/18/18 1500 | I67: Ibuprofen | J67: 800 | K67: NA | L67: NA | P67: =ISODD(A67) -> FALSE
A68: =IF(ROW()=2,1,IF(B68=B67,A67,A67+1)) -> 16 | B68: JB016 | C68: 6/18/18 0230 | D68: 6/19/18 0251 | E68: 32 | F68: White | G68: SVD | H68: 6/19/18 0251 | I68: Ibuprofen | J68: 800 | K68: NA | L68: NA | P68: =ISODD(A68) -> FALSE
A69: =IF(ROW()=2,1,IF(B69=B68,A68,A68+1)) -> 17 | B69: AE017 | C69: 6/17/18 0130 | D69: 6/18/18 2024 | E69: 36 | F69: White | G69: SVD | H69: 6/17/18 0549 | I69: Ibuprofen | J69: 800 | K69: 5 | L69: 0 | P69: =ISODD(A69) -> TRUE
A70: =IF(ROW()=2,1,IF(B70=B69,A69,A69+1)) -> 17 | B70: AE017 | C70: 6/17/18 0130 | D70: 6/18/18 2024 | E70: 36 | F70: White | G70: SVD | H70: 6/17/18 1321 | I70: Ibuprofen | J70: 800 | K70: 3 | L70: 0 | P70: =ISODD(A70) -> TRUE
A71: =IF(ROW()=2,1,IF(B71=B70,A70,A70+1)) -> 17 | B71: AE017 | C71: 6/17/18 0130 | D71: 6/18/18 2024 | E71: 36 | F71: White | G71: SVD | H71: 6/17/18 2024 | I71: Ibuprofen | J71: 800 | K71: 3 | L71: 0 | P71: =ISODD(A71) -> TRUE
A72: =IF(ROW()=2,1,IF(B72=B71,A71,A71+1)) -> 18 | B72: SR018 | C72: 6/16/18 2320 | D72: 6/17/18 2252 | E72: 27 | F72: White | G72: Caesarean | H72: 6/17/18 0350 | I72: Toradol | J72: 30 | K72: 3 | L72: No F/u | P72: =ISODD(A72) -> FALSE
A73: =IF(ROW()=2,1,IF(B73=B72,A72,A72+1)) -> 18 | B73: SR018 | C73: 6/16/18 2320 | D73: 6/17/18 2252 | E73: 27 | F73: White | G73: Caesarean | H73: 6/17/18 1016 | I73: Toradol | J73: 30 | K73: 5 | L73: No F/u | P73: =ISODD(A73) -> FALSE
A74: =IF(ROW()=2,1,IF(B74=B73,A73,A73+1)) -> 18 | B74: SR018 | C74: 6/16/18 2320 | D74: 6/17/18 2252 | E74: 27 | F74: White | G74: Caesarean | H74: 6/17/18 1613 | I74: Percocet | J74: 1 | K74: 5 | L74: No F/u | P74: =ISODD(A74) -> FALSE
A75: =IF(ROW()=2,1,IF(B75=B74,A74,A74+1)) -> 18 | B75: SR018 | C75: 6/16/18 2320 | D75: 6/17/18 2252 | E75: 27 | F75: White | G75: Caesarean | H75: 6/17/18 1613 | I75: Toradol | J75: 30 | K75: 4 | L75: No F/u | P75: =ISODD(A75) -> FALSE
A76: =IF(ROW()=2,1,IF(B76=B75,A75,A75+1)) -> 18 | B76: SR018 | C76: 6/16/18 2320 | D76: 6/17/18 2252 | E76: 27 | F76: White | G76: Caesarean | H76: 6/17/18 2112 | I76: Percocet | J76: 1 | K76: 4 | L76: 3 | P76: =ISODD(A76) -> FALSE
A77: =IF(ROW()=2,1,IF(B77=B76,A76,A76+1)) -> 18 | B77: SR018 | C77: 6/16/18 2320 | D77: 6/17/18 2252 | E77: 27 | F77: White | G77: Caesarean | H77: 6/17/18 2252 | I77: Ibuprofen | J77: 800 | K77: 3 | L77: 0 | P77: =ISODD(A77) -> FALSE
A78: =IF(ROW()=2,1,IF(B78=B77,A77,A77+1)) -> 19 | B78: JM019 | C78: 6/22/18 1050 | D78: 6/23/18 0609 | E78: 37 | F78: White | G78: Caesarean | H78: 6/22/18 1234 | I78: Toradol | J78: 30 | K78: 7 | L78: 4 | P78: =ISODD(A78) -> TRUE
A79: =IF(ROW()=2,1,IF(B79=B78,A78,A78+1)) -> 19 | B79: JM019 | C79: 6/22/18 1050 | D79: 6/23/18 0609 | E79: 37 | F79: White | G79: Caesarean | H79: 6/22/18 1822 | I79: Toradol | J79: 30 | K79: 2 | L79: 0 | P79: =ISODD(A79) -> TRUE
A80: =IF(ROW()=2,1,IF(B80=B79,A79,A79+1)) -> 19 | B80: JM019 | C80: 6/22/18 1050 | D80: 6/23/18 0609 | E80: 37 | F80: White | G80: Caesarean | H80: 6/23/18 0006 | I80: Toradol | J80: 30 | K80: 3 | L80: 0 | P80: =ISODD(A80) -> TRUE
A81: =IF(ROW()=2,1,IF(B81=B80,A80,A80+1)) -> 19 | B81: JM019 | C81: 6/22/18 1050 | D81: 6/23/18 0609 | E81: 37 | F81: White | G81: Caesarean | H81: 6/23/18 0609 | I81: Toradol | J81: 30 | K81: 5 | L81: 3 | P81: =ISODD(A81) -> TRUE
A82: =IF(ROW()=2,1,IF(B82=B81,A81,A81+1)) -> 20 | B82: CW020 | C82: 6/25/18 1815 | D82: 6/26/18 1534 | E82: 26 | F82: Other | G82: Caesarean | H82: 6/25/18 1921 | I82: Toradol | J82: 30 | K82: 7 | L82: 3 | M82: 4 | P82: =ISODD(A82) -> FALSE
A83: =IF(ROW()=2,1,IF(B83=B82,A82,A82+1)) -> 20 | B83: CW020 | C83: 6/25/18 1815 | D83: 6/26/18 1534 | E83: 26 | F83: Other | G83: Caesarean | H83: 6/26/18 0125 | I83: Toradol | J83: 30 | K83: 4 | L83: 1 | M83: 4 | P83: =ISODD(A83) -> FALSE
A84: =IF(ROW()=2,1,IF(B84=B83,A83,A83+1)) -> 20 | B84: CW020 | C84: 6/25/18 1815 | D84: 6/26/18 1534 | E84: 26 | F84: Other | G84: Caesarean | H84: 6/26/18 0750 | I84: Toradol | J84: 30 | K84: 7 | L84: 5 | M84: 4 | P84: =ISODD(A84) -> FALSE
A85: =IF(ROW()=2,1,IF(B85=B84,A84,A84+1)) -> 20 | B85: CW020 | C85: 6/25/18 1815 | D85: 6/26/18 1534 | E85: 26 | F85: Other | G85: Caesarean | H85: 6/26/18 0750 | I85: Percocet | J85: 1 | K85: 7 | L85: 5 | M85: 2 | P85: =ISODD(A85) -> FALSE
A86: =IF(ROW()=2,1,IF(B86=B85,A85,A85+1)) -> 20 | B86: CW020 | C86: 6/25/18 1815 | D86: 6/26/18 1534 | E86: 26 | F86: Other | G86: Caesarean | H86: 6/26/18 1236 | I86: Percocet | J86: 2 | K86: 8 | L86: 4 | M86: 2 | P86: =ISODD(A86) -> FALSE
A87: =IF(ROW()=2,1,IF(B87=B86,A86,A86+1)) -> 20 | B87: CW020 | C87: 6/25/18 1815 | D87: 6/26/18 1534 | E87: 26 | F87: Other | G87: Caesarean | H87: 6/26/18 1534 | I87: Toradol | J87: 30 | K87: 7 | L87: 4 | M87: 4 | P87: =ISODD(A87) -> FALSE
A88: =IF(ROW()=2,1,IF(B88=B87,A87,A87+1)) -> 21 | B88: RE021 | C88: 6/18/18 2120 | D88: 6/19/18 2120 | E88: 29 | F88: White | G88: SVD | H88: 6/19/18 0610 | I88: Ibuprofen | J88: 800 | K88: 0 | L88: 0 | P88: =ISODD(A88) -> TRUE
A89: =IF(ROW()=2,1,IF(B89=B88,A88,A88+1)) -> 21 | B89: RE021 | C89: 6/18/18 2120 | D89: 6/19/18 2120 | E89: 29 | F89: White | G89: SVD | H89: 6/19/18 1423 | I89: Ibuprofen | J89: 800 | K89: 2 | L89: 1 | P89: =ISODD(A89) -> TRUE
A90: =IF(ROW()=2,1,IF(B90=B89,A89,A89+1)) -> 22 | B90: MF022 | C90: 6/18/18 1550 | D90: 6/19/18 0307 | E90: 34 | F90: White | G90: Caesarean | H90: 6/18/18 1942 | I90: Toradol | J90: 30 | K90: 4 | L90: 0 | P90: =ISODD(A90) -> FALSE
A91: =IF(ROW()=2,1,IF(B91=B90,A90,A90+1)) -> 22 | B91: MF022 | C91: 6/18/18 1550 | D91: 6/19/18 0307 | E91: 34 | F91: White | G91: Caesarean | H91: 6/19/18 0307 | I91: Toradol | J91: 30 | K91: 3 | L91: 1 | P91: =ISODD(A91) -> FALSE
A92: =IF(ROW()=2,1,IF(B92=B91,A91,A91+1)) -> 23 | B92: QH023 | C92: 6/18/18 0835 | D92: 6/19/18 0835 | E92: 25 | F92: Black | G92: SVD | H92: NA | I92: NA | J92: NA | K92: NA | L92: NA | M92: NA | O92: Received no pain medications | P92: =ISODD(A92) -> TRUE
A93: =IF(ROW()=2,1,IF(B93=B92,A92,A92+1)) -> 24 | B93: DB024 | C93: 6/18/18 0425 | D93: 6/18/18 2043 | E93: 36 | F93: Black | G93: Caesarean | H93: 6/18/18 2043 | I93: Ibuprofen | J93: 800 | K93: 3 | L93: 0 | P93: =ISODD(A93) -> FALSE
A94: =IF(ROW()=2,1,IF(B94=B93,A93,A93+1)) -> 25 | B94: JA025 | C94: 6/19/18 0115 | D94: 6/20/18 0052 | E94: 20 | F94: White | G94: SVD | H94: 6/19/18 1213 | I94: Ibuprofen | J94: 800 | K94: 4 | L94: 2 | P94: =ISODD(A94) -> TRUE
A95: =IF(ROW()=2,1,IF(B95=B94,A94,A94+1)) -> 25 | B95: JA025 | C95: 6/19/18 0115 | D95: 6/20/18 0052 | E95: 20 | F95: White | G95: SVD | H95: 6/19/18 1807 | I95: Ibuprofen | J95: 800 | K95: 2 | L95: 2 | P95: =ISODD(A95) -> TRUE
A96: =IF(ROW()=2,1,IF(B96=B95,A95,A95+1)) -> 25 | B96: JA025 | C96: 6/19/18 0115 | D96: 6/20/18 0052 | E96: 20 | F96: White | G96: SVD | H96: 6/20/18 0052 | I96: Ibuprofen | J96: 800 | K96: 2 | L96: 2 | P96: =ISODD(A96) -> TRUE
A97: =IF(ROW()=2,1,IF(B97=B96,A96,A96+1)) -> 26 | B97: MV026 | C97: 6/17/18 1400 | D97: 6/18/18 1022 | E97: 27 | F97: White | G97: Caesarean | H97: 6/17/18 1401 | I97: Toradol | J97: 30 | K97: 4 | L97: 4 | P97: =ISODD(A97) -> FALSE
A98: =IF(ROW()=2,1,IF(B98=B97,A97,A97+1)) -> 26 | B98: MV026 | C98: 6/17/18 1400 | D98: 6/18/18 1022 | E98: 27 | F98: White | G98: Caesarean | H98: 6/17/18 2129 | I98: Toradol | J98: 30 | K98: 4 | L98: 0 | P98: =ISODD(A98) -> FALSE
A99: =IF(ROW()=2,1,IF(B99=B98,A98,A98+1)) -> 26 | B99: MV026 | C99: 6/17/18 1400 | D99: 6/18/18 1022 | E99: 27 | F99: White | G99: Caesarean | H99: 6/18/19 0451 | I99: Toradol | J99: 30 | K99: 3 | L99: 0 | P99: =ISODD(A99) -> FALSE
A100: =IF(ROW()=2,1,IF(B100=B99,A99,A99+1)) -> 26 | B100: MV026 | C100: 6/17/18 1400 | D100: 6/18/18 1022 | E100: 27 | F100: White | G100: Caesarean | H100: 6/18/19 1022 | I100: Toradol | J100: 30 | K100: 5 | L100: 0 | P100: =ISODD(A100) -> FALSE
...

Sheet Data
A1: Record Number | B1: Patient ID | C1: Start Time and Date | D1: End Date and Time | E1: Age | F1: Race | G1: Type of Delivery | H1: Date and Time | I1: Pain Medication | J1: Dose | K1: Pain Intensity Rating (Before Medication) | L1: Pain Intensity Rating (After Medication) | M1: Frequency of Pain Medication Used | N1: Question | O1: Comment | P1: Color
A2: =IF(ISBLANK('Data Input'!A2),"",'Data Input'!A2) -> 1 | B2: =IF(ISBLANK('Data Input'!B2),"",'Data Input'!B2) -> CH001 | C2: =IF(ISBLANK('Data Input'!C2),"",'Data Input'!C2) -> 43266.826 | D2: =IF(ISBLANK('Data Input'!D2),"",'Data Input'!D2) -> 6/16/2018 1849 | E2: =IF(ISBLANK('Data Input'!E2),"",'Data Input'!E2) -> 29 | F2: =IF(ISBLANK('Data Input'!F2),"",'Data Input'!F2) -> White | G2: =IF(ISBLANK('Data Input'!G2),"",'Data Input'!G2) -> SVD | H2: =IF(ISBLANK('Data Input'!H2),"",'Data Input'!H2) -> 6/15/18 2216 | ... P2: =IF(ISBLANK('Data Input'!P2),"",'Data Input'!P2) -> TRUE
A3: =IF(ISBLANK('Data Input'!A3),"",'Data Input'!A3) -> 1 | B3: =IF(ISBLANK('Data Input'!B3),"",'Data Input'!B3) -> CH001 | C3: =IF(ISBLANK('Data Input'!C3),"",'Data Input'!C3) -> 43266.826 | D3: =IF(ISBLANK('Data Input'!D3),"",'Data Input'!D3) -> 6/16/2018 1849 | E3: =IF(ISBLANK('Data Input'!E3),"",'Data Input'!E3) -> 29 | F3: =IF(ISBLANK('Data Input'!F3),"",'Data Input'!F3) -> White | G3: =IF(ISBLANK('Data Input'!G3),"",'Data Input'!G3) -> SVD | H3: =IF(ISBLANK('Data Input'!H3),"",'Data Input'!H3) -> 6/16/18 0510 | ... P3: =IF(ISBLANK('Data Input'!P3),"",'Data Input'!P3) -> TRUE
A4: =IF(ISBLANK('Data Input'!A4),"",'Data Input'!A4) -> 1 | B4: =IF(ISBLANK('Data Input'!B4),"",'Data Input'!B4) -> CH001 | C4: =IF(ISBLANK('Data Input'!C4),"",'Data Input'!C4) -> 43266.826 | D4: =IF(ISBLANK('Data Input'!D4),"",'Data Input'!D4) -> 6/16/2018 1849 | E4: =IF(ISBLANK('Data Input'!E4),"",'Data Input'!E4) -> 29 | F4: =IF(ISBLANK('Data Input'!F4),"",'Data Input'!F4) -> White | G4: =IF(ISBLANK('Data Input'!G4),"",'Data Input'!G4) -> SVD | H4: =IF(ISBLANK('Data Input'!H4),"",'Data Input'!H4) -> 6/16/2018 1025 | ... P4: =IF(ISBLANK('Data Input'!P4),"",'Data Input'!P4) -> TRUE
A5: =IF(ISBLANK('Data Input'!A5),"",'Data Input'!A5) -> 1 | B5: =IF(ISBLANK('Data Input'!B5),"",'Data Input'!B5) -> CH001 | C5: =IF(ISBLANK('Data Input'!C5),"",'Data Input'!C5) -> 43266.826 | D5: =IF(ISBLANK('Data Input'!D5),"",'Data Input'!D5) -> 6/16/2018 1849 | E5: =IF(ISBLANK('Data Input'!E5),"",'Data Input'!E5) -> 29 | F5: =IF(ISBLANK('Data Input'!F5),"",'Data Input'!F5) -> White | G5: =IF(ISBLANK('Data Input'!G5),"",'Data Input'!G5) -> SVD | H5: =IF(ISBLANK('Data Input'!H5),"",'Data Input'!H5) -> 6/16/18 1849 | ... P5: =IF(ISBLANK('Data Input'!P5),"",'Data Input'!P5) -> TRUE
A6: =IF(ISBLANK('Data Input'!A6),"",'Data Input'!A6) -> 2 | B6: =IF(ISBLANK('Data Input'!B6),"",'Data Input'!B6) -> KV002 | C6: =IF(ISBLANK('Data Input'!C6),"",'Data Input'!C6) -> 06/15/18 0100 | D6: =IF(ISBLANK('Data Input'!D6),"",'Data Input'!D6) -> 43267 | E6: =IF(ISBLANK('Data Input'!E6),"",'Data Input'!E6) -> 18 | F6: =IF(ISBLANK('Data Input'!F6),"",'Data Input'!F6) -> White | G6: =IF(ISBLANK('Data Input'!G6),"",'Data Input'!G6) -> SVD | H6: =IF(ISBLANK('Data Input'!H6),"",'Data Input'!H6) -> 6/15/18 0538 | ... P6: =IF(ISBLANK('Data Input'!P6),"",'Data Input'!P6) -> FALSE
A7: =IF(ISBLANK('Data Input'!A7),"",'Data Input'!A7) -> 2 | B7: =IF(ISBLANK('Data Input'!B7),"",'Data Input'!B7) -> KV002 | C7: =IF(ISBLANK('Data Input'!C7),"",'Data Input'!C7) -> 06/15/18 0100 | D7: =IF(ISBLANK('Data Input'!D7),"",'Data Input'!D7) -> 43267 | E7: =IF(ISBLANK('Data Input'!E7),"",'Data Input'!E7) -> 18 | F7: =IF(ISBLANK('Data Input'!F7),"",'Data Input'!F7) -> White | G7: =IF(ISBLANK('Data Input'!G7),"",'Data Input'!G7) -> SVD | H7: =IF(ISBLANK('Data Input'!H7),"",'Data Input'!H7) -> 6/15/18 1533 | ... P7: =IF(ISBLANK('Data Input'!P7),"",'Data Input'!P7) -> FALSE
A8: =IF(ISBLANK('Data Input'!A8),"",'Data Input'!A8) -> 2 | B8: =IF(ISBLANK('Data Input'!B8),"",'Data Input'!B8) -> KV002 | C8: =IF(ISBLANK('Data Input'!C8),"",'Data Input'!C8) -> 06/15/18 0100 | D8: =IF(ISBLANK('Data Input'!D8),"",'Data Input'!D8) -> 43267 | E8: =IF(ISBLANK('Data Input'!E8),"",'Data Input'!E8) -> 18 | F8: =IF(ISBLANK('Data Input'!F8),"",'Data Input'!F8) -> White | G8: =IF(ISBLANK('Data Input'!G8),"",'Data Input'!G8) -> SVD | H8: =IF(ISBLANK('Data Input'!H8),"",'Data Input'!H8) -> 6/16/18 0220 | ... P8: =IF(ISBLANK('Data Input'!P8),"",'Data Input'!P8) -> FALSE
A9: =IF(ISBLANK('Data Input'!A9),"",'Data Input'!A9) -> 3 | B9: =IF(ISBLANK('Data Input'!B9),"",'Data Input'!B9) -> AK003 | C9: =IF(ISBLANK('Data Input'!C9),"",'Data Input'!C9) -> 6/15/18 1500 | D9: =IF(ISBLANK('Data Input'!D9),"",'Data Input'!D9) -> 6/16/18 0942 | E9: =IF(ISBLANK('Data Input'!E9),"",'Data Input'!E9) -> 26 | F9: =IF(ISBLANK('Data Input'!F9),"",'Data Input'!F9) -> White | G9: =IF(ISBLANK('Data Input'!G9),"",'Data Input'!G9) -> Caesarean | H9: =IF(ISBLANK('Data Input'!H9),"",'Data Input'!H9) -> 6/15/18 1550 | ... P9: =IF(ISBLANK('Data Input'!P9),"",'Data Input'!P9) -> TRUE
A10: =IF(ISBLANK('Data Input'!A10),"",'Data Input'!A10) -> 3 | B10: =IF(ISBLANK('Data Input'!B10),"",'Data Input'!B10) -> AK003 | C10: =IF(ISBLANK('Data Input'!C10),"",'Data Input'!C10) -> 6/15/18 1500 | D10: =IF(ISBLANK('Data Input'!D10),"",'Data Input'!D10) -> 6/16/18 0942 | E10: =IF(ISBLANK('Data Input'!E10),"",'Data Input'!E10) -> 26 | F10: =IF(ISBLANK('Data Input'!F10),"",'Data Input'!F10) -> White | G10: =IF(ISBLANK('Data Input'!G10),"",'Data Input'!G10) -> Caesarean | H10: =IF(ISBLANK('Data Input'!H10),"",'Data Input'!H10) -> 6/16/18 0835 | ... P10: =IF(ISBLANK('Data Input'!P10),"",'Data Input'!P10) -> TRUE
A11: =IF(ISBLANK('Data Input'!A11),"",'Data Input'!A11) -> 3 | B11: =IF(ISBLANK('Data Input'!B11),"",'Data Input'!B11) -> AK003 | C11: =IF(ISBLANK('Data Input'!C11),"",'Data Input'!C11) -> 6/15/18 1500 | D11: =IF(ISBLANK('Data Input'!D11),"",'Data Input'!D11) -> 6/16/18 0942 | E11: =IF(ISBLANK('Data Input'!E11),"",'Data Input'!E11) -> 26 | F11: =IF(ISBLANK('Data Input'!F11),"",'Data Input'!F11) -> White | G11: =IF(ISBLANK('Data Input'!G11),"",'Data Input'!G11) -> Caesarean | H11: =IF(ISBLANK('Data Input'!H11),"",'Data Input'!H11) -> 6/16/18 0942 | ... P11: =IF(ISBLANK('Data Input'!P11),"",'Data Input'!P11) -> TRUE
A12: =IF(ISBLANK('Data Input'!A12),"",'Data Input'!A12) -> 4 | B12: =IF(ISBLANK('Data Input'!B12),"",'Data Input'!B12) -> JC004 | C12: =IF(ISBLANK('Data Input'!C12),"",'Data Input'!C12) -> 6/16/18 0835 | D12: =IF(ISBLANK('Data Input'!D12),"",'Data Input'!D12) -> 6/17/18 0702 | E12: =IF(ISBLANK('Data Input'!E12),"",'Data Input'!E12) -> 40 | F12: =IF(ISBLANK('Data Input'!F12),"",'Data Input'!F12) -> Black | G12: =IF(ISBLANK('Data Input'!G12),"",'Data Input'!G12) -> SVD | H12: =IF(ISBLANK('Data Input'!H12),"",'Data Input'!H12) -> 6/16/18 0910 | ... P12: =IF(ISBLANK('Data Input'!P12),"",'Data Input'!P12) -> FALSE
A13: =IF(ISBLANK('Data Input'!A13),"",'Data Input'!A13) -> 4 | B13: =IF(ISBLANK('Data Input'!B13),"",'Data Input'!B13) -> JC004 | C13: =IF(ISBLANK('Data Input'!C13),"",'Data Input'!C13) -> 6/16/18 0835 | D13: =IF(ISBLANK('Data Input'!D13),"",'Data Input'!D13) -> 6/17/18 0702 | E13: =IF(ISBLANK('Data Input'!E13),"",'Data Input'!E13) -> 40 | F13: =IF(ISBLANK('Data Input'!F13),"",'Data Input'!F13) -> Black | G13: =IF(ISBLANK('Data Input'!G13),"",'Data Input'!G13) -> SVD | H13: =IF(ISBLANK('Data Input'!H13),"",'Data Input'!H13) -> 06/16/18 1236 | ... P13: =IF(ISBLANK('Data Input'!P13),"",'Data Input'!P13) -> FALSE
... A530: =IF(ISBLANK('Data Input'!A530),"",'Data Input'!A530) -> 74 | B530: =IF(ISBLANK('Data Input'!B530),"",'Data Input'!B530) | C530: =IF(ISBLANK('Data Input'!C530),"",'Data Input'!C530) | D530: =IF(ISBLANK('Data Input'!D530),"",'Data Input'!D530) | E530: =IF(ISBLANK('Data Input'!E530),"",'Data Input'!E530) | F530: =IF(ISBLANK('Data Input'!F530),"",'Data Input'!F530) | G530: =IF(ISBLANK('Data Input'!G530),"",'Data Input'!G530) | H530: =IF(ISBLANK('Data Input'!H530),"",'Data Input'!H530) | ... P530: =IF(ISBLANK('Data Input'!P530),"",'Data Input'!P530) -> FALSE

Sheet Legend
A1: Dose | F1: Patient ID
A2: 1 tab | B2: 5 mg oxycodone, 325 mg tylenol | F2: CH001
F3: KV002
A4: Shortcut | B4: Name | C4: Dose | D4: Frequency | F4: AK003
A5: bb | B5: Ibuprofen | C5: 800 | D5: 3 | F5: JC004
A6: rr | B6: Perocet | C6: 1 tab | D6: 3 | F6: G5005
A7: tt | B7: Tylenol | C7: 50 | D7: 1 | F7: KK006
A8: tr | B8: Toradel | C8: 30 | D8: 3 | F8: JM007
F9: 2D008
A10: Notes | F10: MR009
A11: "F/u" | B11: Follow up | F11: RL010
F12: RB011
F13: JL012
F14: BC013
F15: AV014
F16: LZ015
F17: JB016
F18: AE017
F19: SR018
F20: JM019
F21: CW020
F22: RE021
F23: MF022
... F59: YT 058
